<?xml version="1.0" encoding="UTF-8"?>

<!-- 
 * security.xml
 *
 * Copyright (C) 2018 Universidad de Sevilla
 * 
 * The use of this project is hereby constrained to the conditions of the 
 * TDG Licence, a copy of which you may download from 
 * http://www.tdg-seville.info/License.html
 -->

<beans xmlns="http://www.springframework.org/schema/beans"
	xmlns:xsi="http://www.w3.org/2001/XMLSchema-instance" xmlns:security="http://www.springframework.org/schema/security"	
	xsi:schemaLocation="
		http://www.springframework.org/schema/beans http://www.springframework.org/schema/beans/spring-beans-4.0.xsd		
        http://www.springframework.org/schema/security http://www.springframework.org/schema/security/spring-security-3.2.xsd
    ">

	<!-- Security infrastructure -->

	<bean id="loginService" class="security.LoginService" />

	<bean id="passwordEncoder"
		class="org.springframework.security.authentication.encoding.Md5PasswordEncoder" />

	<!-- Access control -->

	<security:http auto-config="true" use-expressions="true">
		<security:intercept-url pattern="/" access="permitAll" /> 

		<security:intercept-url pattern="/favicon.ico" access="permitAll" /> 
		<security:intercept-url pattern="/images/**" access="permitAll" /> 
		<security:intercept-url pattern="/scripts/**" access="permitAll" /> 
		<security:intercept-url pattern="/styles/**" access="permitAll" /> 
		<security:intercept-url pattern="/handyWorker/**" access="permitAll"  />
		<security:intercept-url pattern="/sponsor/**" access="permitAll" /> 
		<security:intercept-url pattern="/customer/**" access="permitAll" /> 

		<security:intercept-url pattern="/views/misc/index.jsp" access="permitAll" /> 

		<security:intercept-url pattern="/security/login.do" access="permitAll" /> 
		<security:intercept-url pattern="/security/loginFailure.do" access="permitAll" /> 

		<security:intercept-url pattern="/welcome/index.do" access="permitAll" /> 

		<security:intercept-url pattern="/referee/administrator/**" access="hasRole('ADMIN')" /> 
		<security:intercept-url pattern="/warranty/administrator/**" access="hasRole('ADMIN')" /> 
		<security:intercept-url pattern="/category/administrator/**" access="hasRole('ADMIN')" /> 
		<security:intercept-url pattern="/configuration/administrator/**" access="hasRole('ADMIN')" />
		<security:intercept-url pattern="/administrator/**" access="hasRole('ADMIN')" />  
		<security:intercept-url pattern="/administrator/dashboard.do" access="hasRole('ADMIN')" /> 
		<security:intercept-url pattern="/administrator/edit.do" access="hasRole('ADMIN')" /> 
		<security:intercept-url pattern="/administrator/suspiciousList.do" access="hasRole('ADMIN')" /> 
		<security:intercept-url pattern="/administrator/ban.do" access="hasRole('ADMIN')" /> 

		<security:intercept-url pattern="/finder/handyWorker/**" access="hasRole('HANDYWORKER')" /> 
		<security:intercept-url pattern="/fixUpTask/list.do" access="hasRole('HANDYWORKER')" /> 
		<security:intercept-url pattern="/endorsement/handyWorker/**" access="hasRole('HANDYWORKER')" /> 
		
		<security:intercept-url pattern="/endorsement/**" access="hasAnyRole('HANDYWORKER','CUSTOMER')" /> 
		
		<security:intercept-url pattern="/endorsement/customer/**" access="hasRole('CUSTOMER')" /> 
		<security:intercept-url pattern="/complaint/customer/**" access="hasRole('CUSTOMER')"/>
		<security:intercept-url pattern="/fixUpTask/customer/**" access="hasRole('CUSTOMER')"/>
		<security:intercept-url pattern="/application/customer/**" access="hasRole('CUSTOMER')"/>
		<security:intercept-url pattern="/report/customer/**" access="hasRole('CUSTOMER')"/>
		<security:intercept-url pattern="/note/customer/**" access="hasRole('CUSTOMER')"/>
		<security:intercept-url pattern="/warranty/display.do" access="hasRole('CUSTOMER')"/>
		
		
		
		<security:intercept-url pattern="/complaint/referee/**" access="hasRole('REFEREE')"/>
		<security:intercept-url pattern="/report/referee/**" access="hasRole('REFEREE')"/>
		<security:intercept-url pattern="/referee/**" access="hasRole('REFEREE')" />

		<security:intercept-url pattern="/sponsorship/**" access="hasRole('SPONSOR')" /> 

		<security:intercept-url pattern="/profile/action-1.do" access="isAuthenticated()" /> 
		<security:intercept-url pattern="/profile/action-2.do" access="isAuthenticated()" /> 
		<security:intercept-url pattern="/profile/action-3.do" access="isAuthenticated()" />
		<security:intercept-url pattern="/box/**" access="isAuthenticated()" /> 
		<security:intercept-url pattern="/socialProfile/**" access="isAuthenticated()" />  
		

	
		<security:intercept-url pattern="/**" access="hasRole('NONE')" />

		<security:form-login 
			login-page="/security/login.do"
			password-parameter="password" 
			username-parameter="username"
			authentication-failure-url="/security/loginFailure.do" />

		<security:logout 
			logout-success-url="/" 
			invalidate-session="true" />
	</security:http>

</beans>