<?xml version="1.0" encoding="UTF-8"?>

<!-- * PopulateDatabase.xml * * Copyright (C) 2018 Universidad de Sevilla 
	* * The use of this project is hereby constrained to the conditions of the 
	* TDG Licence, a copy of which you may download from * http://www.tdg-seville.info/License.html -->

<beans xmlns="http://www.springframework.org/schema/beans"
	xmlns:xsi="http://www.w3.org/2001/XMLSchema-instance"
	xsi:schemaLocation="
		http://www.springframework.org/schema/beans http://www.springframework.org/schema/beans/spring-beans.xsd
	">

	<!-- UserAccount beans -->

	<bean id="userAccount1" class="security.UserAccount">
		<property name="username" value="admin" />
		<property name="password" value="21232f297a57a5a743894a0e4a801fc3" />
		<property name="banned" value="false"/>
		<property name="authorities">
			<list>
				<bean id="authority1" class="security.Authority">
					<property name="authority" value="ADMIN" />
				</bean>
			</list>
		</property>
	</bean>

	<bean id="userAccount2" class="security.UserAccount">
		<property name="username" value="customer1" />
		<property name="password" value="ffbc4675f864e0e9aab8bdf7a0437010" />
		<property name="banned" value="false"/>
		<property name="authorities">
			<list>
				<bean id="authority2" class="security.Authority">
					<property name="authority" value="CUSTOMER" />
				</bean>
			</list>
		</property>
	</bean>

	<bean id="userAccount3" class="security.UserAccount">
		<property name="username" value="customer2" />
		<property name="password" value="5ce4d191fd14ac85a1469fb8c29b7a7b" />
		<property name="banned" value="false"/>
		<property name="authorities">
			<list>
				<bean id="authority3" class="security.Authority">
					<property name="authority" value="CUSTOMER" />
				</bean>
			</list>
		</property>
	</bean>

	<bean id="userAccount4" class="security.UserAccount">
		<property name="username" value="customer3" />
		<property name="password" value="033f7f6121501ae98285ad77f216d5e7" />
		<property name="banned" value="false"/>
		<property name="authorities">
			<list>
				<bean id="authority4" class="security.Authority">
					<property name="authority" value="CUSTOMER" />
				</bean>
			</list>
		</property>
	</bean>

	<bean id="userAccount5" class="security.UserAccount">
		<property name="username" value="referee1" />
		<property name="password" value="092d469d0a71c8002e32f808b861f9a4" />
		<property name="banned" value="false"/>
		<property name="authorities">
			<list>
				<bean id="authority5" class="security.Authority">
					<property name="authority" value="REFEREE" />
				</bean>
			</list>
		</property>
	</bean>

	<bean id="userAccount6" class="security.UserAccount">
		<property name="username" value="referee2" />
		<property name="password" value="4f556d5a66f4fe0d058523a7b8e19d91" />
		<property name="banned" value="false"/>
		<property name="authorities">
			<list>
				<bean id="authority6" class="security.Authority">
					<property name="authority" value="REFEREE" />
				</bean>
			</list>
		</property>
	</bean>

	<bean id="userAccount7" class="security.UserAccount">
		<property name="username" value="referee3" />
		<property name="password" value="e7395e4f7c79a7cb1d93cec0849dd1de" />
		<property name="banned" value="false"/>
		<property name="authorities">
			<list>
				<bean id="authority7" class="security.Authority">
					<property name="authority" value="REFEREE" />
				</bean>
			</list>
		</property>
	</bean>

	<bean id="userAccount8" class="security.UserAccount">
		<property name="username" value="handyWorker1" />
		<property name="password" value="78da4cd657c85d3cf54ae4497ed223f2" />
		<property name="banned" value="false"/>
		<property name="authorities">
			<list>
				<bean id="authority8" class="security.Authority">
					<property name="authority" value="HANDYWORKER" />
				</bean>
			</list>
		</property>
	</bean>

	<bean id="userAccount9" class="security.UserAccount">
		<property name="username" value="handyWorker2" />
		<property name="password" value="118ad5acc8ff3ea8006c280b310cd492" />
		<property name="banned" value="false"/>
		<property name="authorities">
			<list>
				<bean id="authority9" class="security.Authority">
					<property name="authority" value="HANDYWORKER" />
				</bean>
			</list>
		</property>
	</bean>

	<bean id="userAccount10" class="security.UserAccount">
		<property name="username" value="handyWorker3" />
		<property name="password" value="c210fdd660ad5034b88ad8bb9c135c26" />
		<property name="banned" value="false"/>
		<property name="authorities">
			<list>
				<bean id="authority10" class="security.Authority">
					<property name="authority" value="HANDYWORKER" />
				</bean>
			</list>
		</property>
	</bean>

	<bean id="userAccount11" class="security.UserAccount">
		<property name="username" value="sponsor1" />
		<property name="password" value="42c63ad66d4dc07ed17753772bef96d6" />
		<property name="banned" value="false"/>
		<property name="authorities">
			<list>
				<bean id="authority11" class="security.Authority">
					<property name="authority" value="SPONSOR" />
				</bean>
			</list>
		</property>
	</bean>

	<bean id="userAccount12" class="security.UserAccount">
		<property name="username" value="sponsor2" />
		<property name="password" value="3dc67f80a03324e01b1640f45d107485" />
		<property name="banned" value="false"/>
		<property name="authorities">
			<list>
				<bean id="authority12" class="security.Authority">
					<property name="authority" value="SPONSOR" />
				</bean>
			</list>
		</property>
	</bean>

	<bean id="userAccount13" class="security.UserAccount">
		<property name="username" value="sponsor3" />
		<property name="password" value="857a54956061fdc1b88d7722cafe6519" />
		<property name="banned" value="false"/>
		<property name="authorities">
			<list>
				<bean id="authority13" class="security.Authority">
					<property name="authority" value="SPONSOR" />
				</bean>
			</list>
		</property>
	</bean>

	<bean id="userAccount14" class="security.UserAccount">
		<property name="username" value="super" />
		<property name="password" value="1b3231655cebb7a1f783eddf27d254ca" />
		<property name="banned" value="false"/>
		<property name="authorities">
			<list>
				<bean class="security.Authority">
					<property name="authority" value="ADMIN" />
				</bean>
				<bean class="security.Authority">
					<property name="authority" value="CUSTOMER" />
				</bean>
				<bean class="security.Authority">
					<property name="authority" value="REFEREE" />
				</bean>
				<bean class="security.Authority">
					<property name="authority" value="HANDYWORKER" />
				</bean>
				<bean class="security.Authority">
					<property name="authority" value="SPONSOR" />
				</bean>
			</list>
		</property>
	</bean>

	<bean id="userAccount15" class="security.UserAccount">
		<property name="username" value="customer4" />
		<property name="password" value="d41d8cd98f00b204e9800998ecf8427e" />
		<property name="banned" value="false"/>
		<property name="authorities">
			<list>
				<bean id="authority15" class="security.Authority">
					<property name="authority" value="CUSTOMER" />
				</bean>
			</list>
		</property>
	</bean>

	<!-- Other domain beans come here -->

	<!-- Administrator beans -->

	<bean id="admin" class="domain.Administrator">
		<property name="name" value="Luis" />
		<property name="middleName" value="NueveConDosDerecho" />
		<property name="surname" value="Lucanlun" />
		<property name="photo"
			value="https://cdnb.20m.es/sites/76/2015/07/La-an%C3%A9cdota-sobre-la-famosa-e-ic%C3%B3nica-foto-de-Albert-Einstein-sacando-la-lengua.jpeg" />
		<property name="email" value="luc@gmail.com" />
		<property name="phone" value="639854163" />
		<property name="address" value="c/Tarfia" />
		<property name="suspicious" value="false" />
		<property name="socialProfiles">
			<list></list>
		</property>
		<property name="userAccount" ref="userAccount1" />
		<property name="boxes">
			<list>
				<ref bean="inBox1" />
				<ref bean="outBox1" />
				<ref bean="trashBox1" />
				<ref bean="spamBox1" />
			</list>
		</property>
	</bean>

	<!-- Application Beans -->

	<bean id="application1" class="domain.Application">
		<property name="moment" value="2010/10/20 13:00" />
		<property name="status" value="REJECTED" />
		<property name="offeredPrice" value="25.50" />
		<property name="comments" value="I'd like to participate." />
		<property name="reason" value="There is not reason yet." />
		<property name="creditCard">
			<null />
		</property>
		<property name="handyWorker" ref="handyWorker1" />
		<property name="fixUpTask" ref="fixUpTask1" />
		<property name="phases">
			<list>
			</list>
		</property>

	</bean>

	<bean id="application2" class="domain.Application">
		<property name="moment" value="2006/10/20 13:00" />
		<property name="status" value="ACCEPTED" />
		<property name="offeredPrice" value="150.2" />
		<property name="comments" value="I wish to have fun." />
		<property name="reason" value="Provided correct information." />
		<property name="creditCard" ref="creditCard1" />
		<property name="handyWorker" ref="handyWorker1" />
		<property name="fixUpTask" ref="fixUpTask1" />
		<property name="phases">
			<list>
				<ref bean="phase1" />
				<ref bean="phase2" />
			</list>
		</property>

	</bean>

	<bean id="application3" class="domain.Application">
		<property name="moment" value="2010/06/10 13:00" />
		<property name="status" value="PENDING" />
		<property name="offeredPrice" value="131.0" />
		<property name="comments" value="I'm an active and healthy person." />
		<property name="reason" value="There is not reason yet." />
		<property name="creditCard">
			<null />
		</property>
		<property name="handyWorker" ref="handyWorker2" />
		<property name="fixUpTask" ref="fixUpTask2" />
		<property name="phases">
			<list>
			</list>
		</property>
	</bean>

	<bean id="application4" class="domain.Application">
		<property name="moment" value="2010/01/02 13:00" />
		<property name="status" value="ACCEPTED" />
		<property name="offeredPrice" value="151.0" />
		<property name="comments" value="Looking forward to it." />
		<property name="reason" value="This application is correct." />
		<property name="creditCard" ref="creditCard2" />
		<property name="handyWorker" ref="handyWorker2" />
		<property name="fixUpTask" ref="fixUpTask2" />
		<property name="phases">
			<list>
				<ref bean="phase3" />
				<ref bean="phase4" />
				<ref bean="phase5" />
				<ref bean="phase10" />
			</list>
		</property>

	</bean>

	<bean id="application5" class="domain.Application">
		<property name="moment" value="2000/11/15 13:00" />
		<property name="status" value="REJECTED" />
		<property name="offeredPrice" value="190.0" />
		<property name="comments" value="This is very bad." />
		<property name="reason" value="Lack of phases." />
		<property name="creditCard">
			<null />
		</property>
		<property name="handyWorker" ref="handyWorker3" />
		<property name="fixUpTask" ref="fixUpTask3" />
		<property name="phases">
			<list>
			</list>
		</property>

	</bean>

	<bean id="application6" class="domain.Application">
		<property name="moment" value="2003/10/20 10:00" />
		<property name="status" value="ACCEPTED" />
		<property name="offeredPrice" value="220.1" />
		<property name="comments" value="This is gonna be fun." />
		<property name="reason" value="Seems pretty well done." />
		<property name="creditCard" ref="creditCard3" />
		<property name="handyWorker" ref="handyWorker3" />
		<property name="fixUpTask" ref="fixUpTask3" />
		<property name="phases">
			<list>
				<ref bean="phase6" />
				<ref bean="phase7" />
			</list>
		</property>
	</bean>

	<bean id="application7" class="domain.Application">
		<property name="moment" value="2018/11/10 09:00" />
		<property name="status" value="PENDING" />
		<property name="offeredPrice" value="90.2" />
		<property name="comments" value="This is not gonna be fun." />
		<property name="reason" value="Seems pretty bad done." />
		<property name="creditCard">
			<null />
		</property>
		<property name="handyWorker" ref="handyWorker3" />
		<property name="fixUpTask" ref="fixUpTask4" />
		<property name="phases">
			<list>
			</list>
		</property>
	</bean>

	<bean id="application8" class="domain.Application">
		<property name="moment" value="2010/05/25 11:15" />
		<property name="status" value="ACCEPTED" />
		<property name="offeredPrice" value="110.5" />
		<property name="comments" value="Pretty hard task." />
		<property name="reason" value="I think I know what to do." />
		<property name="creditCard" ref="creditCard4" />
		<property name="handyWorker" ref="handyWorker3" />
		<property name="fixUpTask" ref="fixUpTask5" />
		<property name="phases">
			<list>
				<ref bean="phase8" />
				<ref bean="phase9" />
			</list>
		</property>
	</bean>


	<bean id="application9" class="domain.Application">
		<property name="moment" value="2011/06/25 10:30" />
		<property name="status" value="REJECTED" />
		<property name="offeredPrice" value="310.5" />
		<property name="comments" value="Requires a lot of time." />
		<property name="reason" value="I will do it in 10 months." />
		<property name="creditCard">
			<null />
		</property>
		<property name="handyWorker" ref="handyWorker2" />
		<property name="fixUpTask" ref="fixUpTask6" />
		<property name="phases">
			<list>
			</list>
		</property>
	</bean>

	<bean id="application10" class="domain.Application">
		<property name="moment" value="2014/05/25 11:00" />
		<property name="status" value="ACCEPTED" />
		<property name="offeredPrice" value="60.8" />
		<property name="comments" value="Pretty easy task." />
		<property name="reason" value="I will do it in 2 weeks." />
		<property name="creditCard"> <null/> </property>
		<property name="handyWorker" ref="handyWorker1" />
		<property name="fixUpTask" ref="fixUpTask1" />
		<property name="phases">
			<list>
				<ref bean="phase11" />
			</list>
		</property>
	</bean>
	<!-- Box beans -->

	<bean id="inBox1" class="domain.Box">
		<property name="name" value="In box" />
		<property name="system" value="true" />
		<property name="actor" ref="admin" />
		<property name="parent">
			<null />
		</property>
		<property name="children">
			<list></list>
		</property>
		<property name="messages">
			<list></list>
		</property>
	</bean>

	<bean id="outBox1" class="domain.Box">
		<property name="name" value="Out box" />
		<property name="system" value="true" />
		<property name="actor" ref="admin" />
		<property name="parent">
			<null />
		</property>
		<property name="children">
			<list></list>
		</property>
		<property name="messages">
			<list></list>
		</property>
	</bean>

	<bean id="trashBox1" class="domain.Box">
		<property name="name" value="Trash box" />
		<property name="system" value="true" />
		<property name="actor" ref="admin" />
		<property name="parent">
			<null />
		</property>
		<property name="children">
			<list></list>
		</property>
		<property name="messages">
			<list></list>
		</property>
	</bean>

	<bean id="spamBox1" class="domain.Box">
		<property name="name" value="Spam box" />
		<property name="system" value="true" />
		<property name="actor" ref="admin" />
		<property name="parent">
			<null />
		</property>
		<property name="children">
			<list></list>
		</property>
		<property name="messages">
			<list></list>
		</property>
	</bean>

	<bean id="inBox2" class="domain.Box">
		<property name="name" value="In box" />
		<property name="system" value="true" />
		<property name="actor" ref="customer1" />
		<property name="parent">
			<null />
		</property>
		<property name="children">
			<list></list>
		</property>
		<property name="messages">
			<list></list>
		</property>
	</bean>

	<bean id="outBox2" class="domain.Box">
		<property name="name" value="Out box" />
		<property name="system" value="true" />
		<property name="actor" ref="customer1" />
		<property name="parent">
			<null />
		</property>
		<property name="children">
			<list></list>
		</property>
		<property name="messages">
			<list>
				<ref bean="message1" />
				<ref bean="message2" />
			</list>
		</property>
	</bean>

	<bean id="trashBox2" class="domain.Box">
		<property name="name" value="Trash box" />
		<property name="system" value="true" />
		<property name="actor" ref="customer1" />
		<property name="parent">
			<null />
		</property>
		<property name="children">
			<list></list>
		</property>
		<property name="messages">
			<list></list>
		</property>
	</bean>

	<bean id="spamBox2" class="domain.Box">
		<property name="name" value="Spam box" />
		<property name="system" value="true" />
		<property name="actor" ref="customer1" />
		<property name="parent">
			<null />
		</property>
		<property name="children">
			<list></list>
		</property>
		<property name="messages">
			<list></list>
		</property>
	</bean>

	<bean id="inBox3" class="domain.Box">
		<property name="name" value="In box" />
		<property name="system" value="true" />
		<property name="actor" ref="customer2" />
		<property name="parent">
			<null />
		</property>
		<property name="children">
			<list></list>
		</property>
		<property name="messages">
			<list></list>
		</property>
	</bean>

	<bean id="outBox3" class="domain.Box">
		<property name="name" value="Out box" />
		<property name="system" value="true" />
		<property name="actor" ref="customer2" />
		<property name="parent">
			<null />
		</property>
		<property name="children">
			<list></list>
		</property>
		<property name="messages">
			<list></list>
		</property>
	</bean>

	<bean id="trashBox3" class="domain.Box">
		<property name="name" value="Trash box" />
		<property name="system" value="true" />
		<property name="actor" ref="customer2" />
		<property name="parent">
			<null />
		</property>
		<property name="children">
			<list></list>
		</property>
		<property name="messages">
			<list></list>
		</property>
	</bean>

	<bean id="spamBox3" class="domain.Box">
		<property name="name" value="Spam box" />
		<property name="system" value="true" />
		<property name="actor" ref="customer2" />
		<property name="parent">
			<null />
		</property>
		<property name="children">
			<list></list>
		</property>
		<property name="messages">
			<list></list>
		</property>
	</bean>

	<bean id="inBox4" class="domain.Box">
		<property name="name" value="In box" />
		<property name="system" value="true" />
		<property name="actor" ref="customer3" />
		<property name="parent">
			<null />
		</property>
		<property name="children">
			<list></list>
		</property>
		<property name="messages">
			<list></list>
		</property>
	</bean>

	<bean id="outBox4" class="domain.Box">
		<property name="name" value="Out box" />
		<property name="system" value="true" />
		<property name="actor" ref="customer3" />
		<property name="parent">
			<null />
		</property>
		<property name="children">
			<list></list>
		</property>
		<property name="messages">
			<list></list>
		</property>
	</bean>

	<bean id="trashBox4" class="domain.Box">
		<property name="name" value="Trash box" />
		<property name="system" value="true" />
		<property name="actor" ref="customer3" />
		<property name="parent">
			<null />
		</property>
		<property name="children">
			<list></list>
		</property>
		<property name="messages">
			<list></list>
		</property>
	</bean>

	<bean id="spamBox4" class="domain.Box">
		<property name="name" value="Spam box" />
		<property name="system" value="true" />
		<property name="actor" ref="customer3" />
		<property name="parent">
			<null />
		</property>
		<property name="children">
			<list></list>
		</property>
		<property name="messages">
			<list></list>
		</property>
	</bean>

	<bean id="inBox5" class="domain.Box">
		<property name="name" value="In box" />
		<property name="system" value="true" />
		<property name="actor" ref="referee1" />
		<property name="parent">
			<null />
		</property>
		<property name="children">
			<list></list>
		</property>
		<property name="messages">
			<list>
				<ref bean="message1" />
			</list>
		</property>
	</bean>

	<bean id="outBox5" class="domain.Box">
		<property name="name" value="Out box" />
		<property name="system" value="true" />
		<property name="actor" ref="referee1" />
		<property name="parent">
			<null />
		</property>
		<property name="children">
			<list></list>
		</property>
		<property name="messages">
			<list>
			
			<ref bean="message4" />
			</list>
		</property>
	</bean>

	<bean id="trashBox5" class="domain.Box">
		<property name="name" value="Trash box" />
		<property name="system" value="true" />
		<property name="actor" ref="referee1" />
		<property name="parent">
			<null />
		</property>
		<property name="children">
			<list></list>
		</property>
		<property name="messages">
			<list></list>
		</property>
	</bean>

	<bean id="spamBox5" class="domain.Box">
		<property name="name" value="Spam box" />
		<property name="system" value="true" />
		<property name="actor" ref="referee1" />
		<property name="parent">
			<null />
		</property>
		<property name="children">
			<list></list>
		</property>
		<property name="messages">
			<list></list>
		</property>
	</bean>

	<bean id="inBox6" class="domain.Box">
		<property name="name" value="In box" />
		<property name="system" value="true" />
		<property name="actor" ref="referee2" />
		<property name="parent">
			<null />
		</property>
		<property name="children">
			<list></list>
		</property>
		<property name="messages">
			<list></list>
		</property>
	</bean>

	<bean id="outBox6" class="domain.Box">
		<property name="name" value="Out box" />
		<property name="system" value="true" />
		<property name="actor" ref="referee2" />
		<property name="parent">
			<null />
		</property>
		<property name="children">
			<list></list>
		</property>
		<property name="messages">
			<list></list>
		</property>
	</bean>

	<bean id="trashBox6" class="domain.Box">
		<property name="name" value="Trash box" />
		<property name="system" value="true" />
		<property name="actor" ref="referee2" />
		<property name="parent">
			<null />
		</property>
		<property name="children">
			<list></list>
		</property>
		<property name="messages">
			<list></list>
		</property>
	</bean>

	<bean id="spamBox6" class="domain.Box">
		<property name="name" value="Spam box" />
		<property name="system" value="true" />
		<property name="actor" ref="referee2" />
		<property name="parent">
			<null />
		</property>
		<property name="children">
			<list></list>
		</property>
		<property name="messages">
			<list></list>
		</property>
	</bean>

	<bean id="inBox7" class="domain.Box">
		<property name="name" value="In box" />
		<property name="system" value="true" />
		<property name="actor" ref="referee3" />
		<property name="parent">
			<null />
		</property>
		<property name="children">
			<list></list>
		</property>
		<property name="messages">
			<list></list>
		</property>
	</bean>

	<bean id="outBox7" class="domain.Box">
		<property name="name" value="Out box" />
		<property name="system" value="true" />
		<property name="actor" ref="referee3" />
		<property name="parent">
			<null />
		</property>
		<property name="children">
			<list></list>
		</property>
		<property name="messages">
			<list></list>
		</property>
	</bean>

	<bean id="trashBox7" class="domain.Box">
		<property name="name" value="Trash box" />
		<property name="system" value="true" />
		<property name="actor" ref="referee3" />
		<property name="parent">
			<null />
		</property>
		<property name="children">
			<list></list>
		</property>
		<property name="messages">
			<list></list>
		</property>
	</bean>

	<bean id="spamBox7" class="domain.Box">
		<property name="name" value="Spam box" />
		<property name="system" value="true" />
		<property name="actor" ref="referee3" />
		<property name="parent">
			<null />
		</property>
		<property name="children">
			<list></list>
		</property>
		<property name="messages">
			<list></list>
		</property>
	</bean>

	<bean id="inBox8" class="domain.Box">
		<property name="name" value="In box" />
		<property name="system" value="true" />
		<property name="actor" ref="handyWorker1" />
		<property name="parent">
			<null />
		</property>
		<property name="children">
			<list></list>
		</property>
		<property name="messages">
			<list>
				<ref bean="message2" />
				<ref bean="message4"/>
			</list>
		</property>
	</bean>

	<bean id="outBox8" class="domain.Box">
		<property name="name" value="Out box" />
		<property name="system" value="true" />
		<property name="actor" ref="handyWorker1" />
		<property name="parent">
			<null />
		</property>
		<property name="children">
			<list></list>
		</property>
		<property name="messages">
			<list>
				
			</list>
		</property>
	</bean>

	<bean id="trashBox8" class="domain.Box">
		<property name="name" value="Trash box" />
		<property name="system" value="true" />
		<property name="actor" ref="handyWorker1" />
		<property name="parent">
			<null />
		</property>
		<property name="children">
			<list></list>
		</property>
		<property name="messages">
			<list>
				<ref bean="message3" />
			</list>
		</property>
	</bean>

	<bean id="spamBox8" class="domain.Box">
		<property name="name" value="Spam box" />
		<property name="system" value="true" />
		<property name="actor" ref="handyWorker1" />
		<property name="parent">
			<null />
		</property>
		<property name="children">
			<list></list>
		</property>
		<property name="messages">
			<list></list>
		</property>
	</bean>

	<bean id="inBox9" class="domain.Box">
		<property name="name" value="In box" />
		<property name="system" value="true" />
		<property name="actor" ref="handyWorker2" />
		<property name="parent">
			<null />
		</property>
		<property name="children">
			<list></list>
		</property>
		<property name="messages">
			<list>
			</list>
		</property>
	</bean>

	<bean id="outBox9" class="domain.Box">
		<property name="name" value="Out box" />
		<property name="system" value="true" />
		<property name="actor" ref="handyWorker2" />
		<property name="parent">
			<null />
		</property>
		<property name="children">
			<list></list>
		</property>
		<property name="messages">
			<list>
				<ref bean="message5" />
			</list>
		</property>
	</bean>

	<bean id="trashBox9" class="domain.Box">
		<property name="name" value="Trash box" />
		<property name="system" value="true" />
		<property name="actor" ref="handyWorker2" />
		<property name="parent">
			<null />
		</property>
		<property name="children">
			<list></list>
		</property>
		<property name="messages">
			<list></list>
		</property>
	</bean>

	<bean id="spamBox9" class="domain.Box">
		<property name="name" value="Spam box" />
		<property name="system" value="true" />
		<property name="actor" ref="handyWorker2" />
		<property name="parent">
			<null />
		</property>
		<property name="children">
			<list></list>
		</property>
		<property name="messages">
			<list></list>
		</property>
	</bean>

	<bean id="inBox10" class="domain.Box">
		<property name="name" value="In box" />
		<property name="system" value="true" />
		<property name="actor" ref="handyWorker3" />
		<property name="parent">
			<null />
		</property>
		<property name="children">
			<list></list>
		</property>
		<property name="messages">
			<list></list>
		</property>
	</bean>

	<bean id="outBox10" class="domain.Box">
		<property name="name" value="Out box" />
		<property name="system" value="true" />
		<property name="actor" ref="handyWorker3" />
		<property name="parent">
			<null />
		</property>
		<property name="children">
			<list></list>
		</property>
		<property name="messages">
			<list></list>
		</property>
	</bean>

	<bean id="trashBox10" class="domain.Box">
		<property name="name" value="Trash box" />
		<property name="system" value="true" />
		<property name="actor" ref="handyWorker3" />
		<property name="parent">
			<null />
		</property>
		<property name="children">
			<list></list>
		</property>
		<property name="messages">
			<list></list>
		</property>
	</bean>

	<bean id="spamBox10" class="domain.Box">
		<property name="name" value="Spam box" />
		<property name="system" value="true" />
		<property name="actor" ref="handyWorker3" />
		<property name="parent">
			<null />
		</property>
		<property name="children">
			<list></list>
		</property>
		<property name="messages">
			<list></list>
		</property>
	</bean>

	<bean id="inBox11" class="domain.Box">
		<property name="name" value="In box" />
		<property name="system" value="true" />
		<property name="actor" ref="sponsor1" />
		<property name="parent">
			<null />
		</property>
		<property name="children">
			<list></list>
		</property>
		<property name="messages">
			<list>
				<ref bean="message3" />
			</list>
		</property>
	</bean>

	<bean id="outBox11" class="domain.Box">
		<property name="name" value="Out box" />
		<property name="system" value="true" />
		<property name="actor" ref="sponsor1" />
		<property name="parent">
			<null />
		</property>
		<property name="children">
			<list></list>
		</property>
		<property name="messages">
			<list>
			</list>
		</property>
	</bean>

	<bean id="trashBox11" class="domain.Box">
		<property name="name" value="Trash box" />
		<property name="system" value="true" />
		<property name="actor" ref="sponsor1" />
		<property name="parent">
			<null />
		</property>
		<property name="children">
			<list></list>
		</property>
		<property name="messages">
			<list>
			
			</list>
		</property>
	</bean>

	<bean id="spamBox11" class="domain.Box">
		<property name="name" value="Spam box" />
		<property name="system" value="true" />
		<property name="actor" ref="sponsor1" />
		<property name="parent">
			<null />
		</property>
		<property name="children">
			<list></list>
		</property>
		<property name="messages">
			<list></list>
		</property>
	</bean>

	<bean id="inBox12" class="domain.Box">
		<property name="name" value="In box" />
		<property name="system" value="true" />
		<property name="actor" ref="sponsor2" />
		<property name="parent">
			<null />
		</property>
		<property name="children">
			<list></list>
		</property>
		<property name="messages">
			<list>
				<ref bean="message5" />
			</list>
		</property>
	</bean>

	<bean id="outBox12" class="domain.Box">
		<property name="name" value="Out box" />
		<property name="system" value="true" />
		<property name="actor" ref="sponsor2" />
		<property name="parent">
			<null />
		</property>
		<property name="children">
			<list></list>
		</property>
		<property name="messages">
			<list></list>
		</property>
	</bean>

	<bean id="trashBox12" class="domain.Box">
		<property name="name" value="Trash box" />
		<property name="system" value="true" />
		<property name="actor" ref="sponsor2" />
		<property name="parent">
			<null />
		</property>
		<property name="children">
			<list></list>
		</property>
		<property name="messages">
			<list></list>
		</property>
	</bean>

	<bean id="spamBox12" class="domain.Box">
		<property name="name" value="Spam box" />
		<property name="system" value="true" />
		<property name="actor" ref="sponsor2" />
		<property name="parent">
			<null />
		</property>
		<property name="children">
			<list></list>
		</property>
		<property name="messages">
			<list></list>
		</property>
	</bean>

	<bean id="inBox13" class="domain.Box">
		<property name="name" value="In box" />
		<property name="system" value="true" />
		<property name="actor" ref="sponsor3" />
		<property name="parent">
			<null />
		</property>
		<property name="children">
			<list></list>
		</property>
		<property name="messages">
			<list></list>
		</property>
	</bean>

	<bean id="outBox13" class="domain.Box">
		<property name="name" value="Out box" />
		<property name="system" value="true" />
		<property name="actor" ref="sponsor3" />
		<property name="parent">
			<null />
		</property>
		<property name="children">
			<list></list>
		</property>
		<property name="messages">
			<list></list>
		</property>
	</bean>

	<bean id="trashBox13" class="domain.Box">
		<property name="name" value="Trash box" />
		<property name="system" value="true" />
		<property name="actor" ref="sponsor3" />
		<property name="parent">
			<null />
		</property>
		<property name="children">
			<list></list>
		</property>
		<property name="messages">
			<list></list>
		</property>
	</bean>

	<bean id="spamBox13" class="domain.Box">
		<property name="name" value="Spam box" />
		<property name="system" value="true" />
		<property name="actor" ref="sponsor3" />
		<property name="parent">
			<null />
		</property>
		<property name="children">
			<list></list>
		</property>
		<property name="messages">
			<list></list>
		</property>
	</bean>


	<bean id="inBox14" class="domain.Box">
		<property name="name" value="In box" />
		<property name="system" value="true" />
		<property name="actor" ref="customer4" />
		<property name="parent">
			<null />
		</property>
		<property name="children">
			<list></list>
		</property>
		<property name="messages">
			<list></list>
		</property>
	</bean>

	<bean id="outBox14" class="domain.Box">
		<property name="name" value="Out box" />
		<property name="system" value="true" />
		<property name="actor" ref="customer4" />
		<property name="parent">
			<null />
		</property>
		<property name="children">
			<list></list>
		</property>
		<property name="messages">
			<list></list>
		</property>
	</bean>

	<bean id="trashBox14" class="domain.Box">
		<property name="name" value="Trash box" />
		<property name="system" value="true" />
		<property name="actor" ref="customer4" />
		<property name="parent">
			<null />
		</property>
		<property name="children">
			<list></list>
		</property>
		<property name="messages">
			<list></list>
		</property>
	</bean>

	<bean id="spamBox14" class="domain.Box">
		<property name="name" value="Spam box" />
		<property name="system" value="true" />
		<property name="actor" ref="customer4" />
		<property name="parent">
			<null />
		</property>
		<property name="children">
			<list></list>
		</property>
		<property name="messages">
			<list></list>
		</property>
	</bean>



	<!-- Complaint beans -->

	<bean id="complaint1" class="domain.Complaint">
		<property name="ticker" value="171020-FQETSY" />
		<property name="moment" value="2017/03/06" />
		<property name="description" value="This is my first complaint" />
		<property name="attachments" value="https://www.informatica.us.es/" />
		<property name="customer" ref="customer1" />
		<property name="fixUpTask" ref="fixUpTask1" />
		<property name="referee" ref="referee1" />
		<property name="reports">
			<list>
				<ref bean="report1" />
				<ref bean="report2" />
				<ref bean="report3" />
			</list>
		</property>
	</bean>

	<bean id="complaint2" class="domain.Complaint">
		<property name="ticker" value="179021-GPPYYE" />
		<property name="moment" value="2016/04/15" />
		<property name="description" value="This is my second complaint" />
		<property name="attachments" value="https://www.informatica.us.es/" />
		<property name="customer" ref="customer1" />
		<property name="fixUpTask" ref="fixUpTask1" />
		<property name="referee" ref="referee2" />
		<property name="reports">
			<list>
				<ref bean="report4" />
			</list>
		</property>
	</bean>

	<bean id="complaint3" class="domain.Complaint">
		<property name="ticker" value="156921-FFFGTR" />
		<property name="moment" value="2017/07/03" />
		<property name="description" value="This is my third complaint" />
		<property name="attachments" value="https://www.informatica.us.es/" />
		<property name="customer" ref="customer3" />
		<property name="fixUpTask" ref="fixUpTask3" />
		<property name="referee"> <null/> </property>
		<property name="reports">
			<list>
			</list>
		</property>
	</bean>


	<!-- Message beans -->

	<bean id="message1" class="domain.Message">
		<property name="sent" value="2010/10/10 10:10" />
		<property name="subject" value="Acme message" />
		<property name="body"
			value="This is the message to let you all know that we love acme and we have to work on day 14" />
		<property name="priority" value="HIGH" />
		<property name="spam" value="false" />
		<property name="tags" value="work, update" />
		<property name="sender" ref="customer1" />
		<property name="recipient" ref="referee1" />
		<property name="boxes">
			<list>
				<ref bean="outBox2" />
				<ref bean="inBox5"/>
			</list>
		</property>
	</bean>

	<bean id="message2" class="domain.Message">
		<property name="sent" value="2011/12/10 12:14" />
		<property name="subject" value="Working this weekend" />
		<property name="body"
			value="I was wondering if you had to work on this weekend. I'm glad I'm not a handyWorker hehe" />
		<property name="priority" value="NEUTRAL" />
		<property name="spam" value="false" />
		<property name="tags" value="work, happiness" />
		<property name="sender" ref="customer1" />
		<property name="recipient" ref="handyWorker1" />
		<property name="boxes">
			<list>
				<ref bean="outBox2" />
				<ref bean="inBox8"/>
			</list>
		</property>
	</bean>

	<bean id="message3" class="domain.Message">
		<property name="sent" value="2010/09/18 18:12" />
		<property name="subject" value="Happy birthday!" />
		<property name="body"
			value="I hope you are having a good day! Enjoy it and have fun!" />
		<property name="priority" value="LOW" />
		<property name="spam" value="false" />
		<property name="tags" value="off-topic" />
		<property name="sender" ref="handyWorker1" />
		<property name="recipient" ref="sponsor1" />
		<property name="boxes">
			<list>
				<ref bean="trashBox8" />
				<ref bean="inBox11"/>
			</list>
		</property>
	</bean>

	<bean id="message4" class="domain.Message">
		<property name="sent" value="2010/04/25 20:19" />
		<property name="subject" value="About the last update" />
		<property name="body"
			value="That last update you just did was not what we were expecting. Try to fix it as soon as possible." />
		<property name="priority" value="HIGH" />
		<property name="spam" value="false" />
		<property name="tags" value="work, need-changes" />
		<property name="sender" ref="referee1" />
		<property name="recipient" ref="handyWorker1" />
		<property name="boxes">
			<list>
				<ref bean="outBox5" />
				<ref bean="inBox8"/>
			</list>
		</property>
	</bean>

	<bean id="message5" class="domain.Message">
		<property name="sent" value="2010/10/10 10:10" />
		<property name="subject" value="You just won!" />
		<property name="body"
			value="You won one million euros this last Thursday! Reply to this message with you bank account to get the money!" />
		<property name="priority" value="NEUTRAL" />
		<property name="spam" value="true" />
		<property name="tags" value="off-topic" />
		<property name="sender" ref="handyWorker2" />
		<property name="recipient" ref="sponsor2" />
		<property name="boxes">
			<list>
				<ref bean="outBox9" />
				<ref bean="inBox12"/>
			</list>
		</property>
	</bean>


	<!-- Configuration beans -->

	<bean id="configuration1" class="domain.Configuration">
		<property name="systemName" value="Acme Handy Worker" />
		<property name="banner"
			value="https://tinyurl.com/acme-handy-worker-logo" />
		<property name="welcomeES"
			value="¡Bienvenidos a Acme Handy Worker! Precio, calidad y confianza en el mismo sitio" />
		<property name="welcomeEN"
			value="Welcome to Acme Handy Worker! Price, quality, and trust in a single place" />
		<property name="spamWords">
			<list>
				<value>sex</value>
				<value>viagra</value>
				<value>cialis</value>
				<value>one million</value>
				<value>you’ve been selected</value>
				<value>Nigeria</value>
				<value>sexo</value>
				<value>un millón</value>
				<value>ha sido seleccionado</value>
			</list>
		</property>
		<property name="vat" value="21.00" />
		<property name="countryCode" value="+34" />
		<property name="creditCardList">
			<list>
				<value>VISA</value>
				<value>MASTER</value>
				<value>DINNERS</value>
				<value>AMEX</value>
			</list>
		</property>
		<property name="expireFinderMinutes" value="60" />
		<property name="maxFinderResults" value="10" />
		<property name="positiveWords">
			<list>
				<value>good</value>
				<value>fantastic</value>
				<value>excellent</value>
				<value>amazing</value>
				<value>great</value>
				<value>terrific</value>
				<value>beautiful</value>
				<value>bueno</value>
				<value>fantástico</value>
				<value>excelente</value>
				<value>increíble</value>
				<value>genial</value>
				<value>estupendo</value>
				<value>hermoso</value>
			</list>
		</property>
		<property name="negativeWords">
			<list>
				<value>not</value>
				<value>bad</value>
				<value>horrible</value>
				<value>average</value>
				<value>disaster</value>
				<value>no</value>
				<value>malo</value>
				<value>mediocre</value>
				<value>desastre</value>
			</list>
		</property>

	</bean>


	<!-- CreditCard beans -->

	<bean id="creditCard1" class="domain.CreditCard">
		<property name="holder" value="Juan Respe Rodriguez" />
		<property name="brand" value="MASTER" />
		<property name="number" value="5564157826282522" />
		<property name="expMonth" value="10" />
		<property name="expYear" value="2020" />
		<property name="cvv" value="150" />
	</bean>

	<bean id="creditCard2" class="domain.CreditCard">
		<property name="holder" value="Sergio Morales" />
		<property name="brand" value="VISA" />
		<property name="number" value="4716665991180313" />
		<property name="expMonth" value="12" />
		<property name="expYear" value="2021" />
		<property name="cvv" value="220" />
	</bean>

	<bean id="creditCard3" class="domain.CreditCard">
		<property name="holder" value="Juan Antonio Montaño" />
		<property name="brand" value="AMEX" />
		<property name="number" value="370087233058204" />
		<property name="expMonth" value="11" />
		<property name="expYear" value="2022" />
		<property name="cvv" value="678" />
	</bean>

	<bean id="creditCard4" class="domain.CreditCard">
		<property name="holder" value="Luis Gil Guerrero" />
		<property name="brand" value="VISA" />
		<property name="number" value="4006665123180313" />
		<property name="expMonth" value="10" />
		<property name="expYear" value="2024" />
		<property name="cvv" value="973" />
	</bean>

	<!-- Curriculum Beans -->

	<bean id="curriculum1" class="domain.Curriculum">
		<property name="ticker" value="171020-FYYHSY" />
		<property name="handyWorker" ref="handyWorker1" />
		<property name="miscellaneousRecord">
			<list>
				<ref bean="miscellaneousRecord1" />
				<ref bean="miscellaneousRecord2" />
			</list>
		</property>
		<property name="endorserRecord">
			<list>
				<ref bean="endorserRecord1" />
				<ref bean="endorserRecord2" />
			</list>
		</property>
		<property name="educationRecord">
			<list>
				<ref bean="educationRecord1" />
				<ref bean="educationRecord2" />
			</list>
		</property>
		<property name="personalRecord" ref="personalRecord1" />
		<property name="professionalRecord">
			<list>
				<ref bean="professionalRecord1" />
				<ref bean="professionalRecord2" />
			</list>
		</property>
	</bean>


	<bean id="curriculum2" class="domain.Curriculum">
		<property name="ticker" value="171027-AWWRTY" />
		<property name="handyWorker" ref="handyWorker2" />
		<property name="miscellaneousRecord">
			<list>
				<ref bean="miscellaneousRecord3" />
				<ref bean="miscellaneousRecord4" />
			</list>
		</property>
		<property name="endorserRecord">
			<list>
				<ref bean="endorserRecord3" />
				<ref bean="endorserRecord4" />
			</list>
		</property>
		<property name="educationRecord">
			<list>
				<ref bean="educationRecord3" />
				<ref bean="educationRecord4" />
			</list>
		</property>
		<property name="personalRecord" ref="personalRecord2" />
		<property name="professionalRecord">
			<list>
				<ref bean="professionalRecord3" />
			</list>
		</property>
	</bean>

	<bean id="curriculum3" class="domain.Curriculum">
		<property name="ticker" value="171027-AWWQTY" />
		<property name="handyWorker" ref="handyWorker3" />
		<property name="miscellaneousRecord">
			<list>
			</list>
		</property>
		<property name="endorserRecord">
			<list>
			</list>
		</property>
		<property name="educationRecord">
			<list>
			</list>
		</property>
		<property name="professionalRecord">
			<list>
			</list>
		</property>
	</bean>
	<!-- Customer beans -->

	<bean id="customer1" class="domain.Customer">
		<property name="name" value="Luis" />
		<property name="middleName" value="Lucanlun" />
		<property name="surname" value="Sanchez Sanchez" />
		<property name="photo"
			value="https://www.informatica.us.es/images/logo-etsii251.png" />
		<property name="email" value="luc@gmail.com" />
		<property name="phone" value="639854163" />
		<property name="address" value="c/Tarfia" />
		<property name="suspicious" value="false" />
		<property name="socialProfiles">
			<list>
				<ref bean="socialProfile1" />
			</list>
		</property>
		<property name="userAccount" ref="userAccount2" />
		<property name="boxes">
			<list>
				<ref bean="inBox2" />
				<ref bean="outBox2" />
				<ref bean="trashBox2" />
				<ref bean="spamBox2" />
			</list>
		</property>
		<property name="score" value="0.57" />
		<property name="fixUpTasks">
			<list>
				<ref bean="fixUpTask1" />
				<ref bean="fixUpTask2" />
				<ref bean="fixUpTask7" />
			</list>
		</property>
		<property name="complaints">
			<list>
				<ref bean="complaint1" />
				<ref bean="complaint2" />

			</list>
		</property>
		<property name="endorsements">
			<list>
				<ref bean="endorsement1" />
				<ref bean="endorsement2" />
			</list>
		</property>
	</bean>


	<bean id="customer2" class="domain.Customer">
		<property name="name" value="Juan" />
		<property name="middleName" value="JuanRa" />
		<property name="surname" value="Cruz Sanchez" />
		<property name="photo"
			value="https://www.informatica.us.es/images/logo-etsii251.png" />
		<property name="email" value="juan@gmail.com" />
		<property name="phone" value="633858163" />
		<property name="address" value="c/Arroyo" />
		<property name="suspicious" value="false" />
		<property name="socialProfiles">
			<list>
			</list>
		</property>
		<property name="userAccount" ref="userAccount3" />
		<property name="boxes">
			<list>
				<ref bean="inBox3" />
				<ref bean="outBox3" />
				<ref bean="trashBox3" />
				<ref bean="spamBox3" />
			</list>
		</property>
		<property name="score" value="0.43" />
		<property name="fixUpTasks">
			<list>
				<ref bean="fixUpTask6" />
			</list>
		</property>
		<property name="complaints">
			<list>

			</list>
		</property>
		<property name="endorsements">
			<list>
				<ref bean="endorsement3" />
			</list>
		</property>
	</bean>


	<bean id="customer3" class="domain.Customer">
		<property name="name" value="Ivan" />
		<property name="middleName" value="GonzaIvan" />
		<property name="surname" value="Gonzalez Rus" />
		<property name="photo"
			value="https://www.informatica.us.es/images/logo-etsii251.png" />
		<property name="email" value="ivang@gmail.com" />
		<property name="phone" value="622854321" />
		<property name="address" value="c/Real" />
		<property name="suspicious" value="false" />
		<property name="socialProfiles">
			<list>
			</list>
		</property>
		<property name="userAccount" ref="userAccount4" />
		<property name="boxes">
			<list>
				<ref bean="inBox4" />
				<ref bean="outBox4" />
				<ref bean="trashBox4" />
				<ref bean="spamBox4" />
			</list>
		</property>
		<property name="score" value="0.57" />
		<property name="fixUpTasks">
			<list>
				<ref bean="fixUpTask3" />
			</list>
		</property>
		<property name="complaints">
			<list>
				<ref bean="complaint3" />
			</list>
		</property>
		<property name="endorsements">
			<list>
				<ref bean="endorsement4" />
				<ref bean="endorsement5" />
			</list>
		</property>
	</bean>

	<bean id="customer4" class="domain.Customer">
		<property name="name" value="Luis" />
		<property name="middleName" value="Gil" />
		<property name="surname" value="Guerrero" />
		<property name="photo"
			value="https://www.informatica.us.es/images/logo-etsii251.png" />
		<property name="email" value="luisgg@gmail.com" />
		<property name="phone" value="666694651" />
		<property name="address" value="c/Carro" />
		<property name="suspicious" value="false" />
		<property name="socialProfiles">
			<list>
			</list>
		</property>
		<property name="userAccount" ref="userAccount15" />
		<property name="boxes">
			<list>
				<ref bean="inBox14" />
				<ref bean="outBox14" />
				<ref bean="trashBox14" />
				<ref bean="spamBox14" />
			</list>
		</property>
		<property name="score" value="0.5" />
		<property name="fixUpTasks">
			<list>
				<ref bean="fixUpTask4" />
				<ref bean="fixUpTask5" />
			</list>
		</property>
		<property name="complaints">
			<list>
			</list>
		</property>
		<property name="endorsements">
			<list>
				<ref bean="endorsement6" />
			</list>
		</property>
	</bean>

	<!-- EducationRecord beans -->

	<bean id="educationRecord1" class="domain.EducationRecord">
		<property name="diploma" value="This actor hasn´t passed the test" />
		<property name="periodStart" value="1970/09/07" />
		<property name="periodEnd" value="1970/09/12" />
		<property name="institution" value="College of Arts" />
		<property name="attachment" value="http://www.youtube.com" />
		<property name="curriculum" ref="curriculum1" />
		<property name="comments" value="So bad worker" />
	</bean>

	<bean id="educationRecord2" class="domain.EducationRecord">
		<property name="diploma" value="The actor completed the exam" />
		<property name="periodStart" value="2017/09/07" />
		<property name="periodEnd" value="2018/09/12" />
		<property name="institution" value="UPO" />
		<property name="attachment" value="http://www.wikipedia.es" />
		<property name="curriculum" ref="curriculum1" />
		<property name="comments" value="Amazing student" />
	</bean>

	<bean id="educationRecord3" class="domain.EducationRecord">
		<property name="diploma" value="This certificate has been achieved" />
		<property name="periodStart" value="2002/09/10" />
		<property name="periodEnd" value="2004/09/25" />
		<property name="institution" value="University of Seville" />
		<property name="attachment" value="http://www.atom.es" />
		<property name="curriculum" ref="curriculum2" />
		<property name="comments" value="Great aptitudes" />
	</bean>

	<bean id="educationRecord4" class="domain.EducationRecord">
		<property name="diploma"
			value="This actor has not achieved the required level" />
		<property name="periodStart" value="2008/09/07" />
		<property name="periodEnd" value="2010/09/12" />
		<property name="institution" value="University of Badajoz" />
		<property name="attachment" value="http://www.eclipse.es" />
		<property name="curriculum" ref="curriculum2" />
		<property name="comments" value="Not a good student" />
	</bean>

	<!-- Endorsement beans -->

	<bean id="endorsement1" class="domain.Endorsement">
		<property name="moment" value="2017/09/07" />
		<property name="comments" value="We have spoken about all the problems." />
		<property name="customerToHandy" value="true"/>
		<property name="handyWorker" ref="handyWorker1" />
		<property name="customer" ref="customer1" />
	</bean>

	<bean id="endorsement2" class="domain.Endorsement">
		<property name="moment" value="2015/10/03" />
		<property name="comments" value="We need to get good, fantastic, excellent one day more." />
		<property name="customerToHandy" value="true"/>
		<property name="handyWorker" ref="handyWorker1" />
		<property name="customer" ref="customer1" />
	</bean>

	<bean id="endorsement3" class="domain.Endorsement">
		<property name="moment" value="2014/10/03" />
		<property name="comments" value="We don´t need to get together more." />
		<property name="customerToHandy" value="false"/>
		<property name="handyWorker" ref="handyWorker2" />
		<property name="customer" ref="customer2" />
	</bean>

	<bean id="endorsement4" class="domain.Endorsement">
		<property name="moment" value="2010/05/23" />
		<property name="comments" value="He is very good, fantastic, excellent." />
		<property name="customerToHandy" value="true"/>
		<property name="handyWorker" ref="handyWorker2" />
		<property name="customer" ref="customer3" />
	</bean>

	<bean id="endorsement5" class="domain.Endorsement">
		<property name="moment" value="2017/09/07" />
		<property name="comments" value="We have spoken about all the problems." />
		<property name="customerToHandy" value="false"/>
		<property name="handyWorker" ref="handyWorker2" />
		<property name="customer" ref="customer3" />
	</bean>

	<bean id="endorsement6" class="domain.Endorsement">
		<property name="moment" value="2017/09/07" />
		<property name="comments" value="He did a good work." />
		<property name="customerToHandy" value="false"/>
		<property name="handyWorker" ref="handyWorker3" />
		<property name="customer" ref="customer4" />
	</bean>

	<!-- EndorserRecord beans -->

	<bean id="endorserRecord1" class="domain.EndorserRecord">
		<property name="name" value="endorserRecord1" />
		<property name="email" value="luicanlun@alum.us.es" />
		<property name="phone" value="648456575" />
		<property name="profile" value="https://www.youtube.com/watch?v=UrJTZZibdHk" />
		<property name="comments" value="Proactive and dedicated." />
		<property name="curriculum" ref="curriculum1" />
	</bean>

	<bean id="endorserRecord2" class="domain.EndorserRecord">
		<property name="name" value="endorserRecord2" />
		<property name="email" value="luicanlun@alum.us.es" />
		<property name="phone" value="648453371" />
		<property name="profile" value="https://www.youtube.com/watch?v=UrJTZZibdHk" />
		<property name="comments" value="Excellent worker." />
		<property name="curriculum" ref="curriculum1" />
	</bean>

	<bean id="endorserRecord3" class="domain.EndorserRecord">
		<property name="name" value="endorserRecord3" />
		<property name="email" value="luigilgue@alum.us.es" />
		<property name="phone" value="648456500" />
		<property name="profile" value="https://www.youtube.com" />
		<property name="comments" value="Not the best option to hire." />
		<property name="curriculum" ref="curriculum2" />
	</bean>

	<bean id="endorserRecord4" class="domain.EndorserRecord">
		<property name="name" value="endorserRecord4" />
		<property name="email" value="endorser@alum.us.es" />
		<property name="phone" value="648004371" />
		<property name="profile" value="https://www.wuolah.com/" />
		<property name="comments" value="Amazing person." />
		<property name="curriculum" ref="curriculum2" />
	</bean>

	<!-- Finder beans -->

	<bean id="finder1" class="domain.Finder">
		<property name="keyWord">
			<null />
		</property>
		<property name="category">
			<null />
		</property>
		<property name="warranty">
			<null />
		</property>
		<property name="minPrice">
			<null />
		</property>
		<property name="maxPrice">
			<null />
		</property>
		<property name="dateStart">
			<null />
		</property>
		<property name="dateEnd">
			<null />
		</property>
		<property name="moment">
			<null />
		</property>
		<property name="fixUpTasks">
			<list>
				<ref bean="fixUpTask1" />
				<ref bean="fixUpTask2" />
				<ref bean="fixUpTask3" />
			</list>
		</property>
	</bean>

	<bean id="finder2" class="domain.Finder">
		<property name="keyWord">
			<null />
		</property>
		<property name="category">
			<null />
		</property>
		<property name="warranty">
			<null />
		</property>
		<property name="minPrice">
			<null />
		</property>
		<property name="maxPrice">
			<null />
		</property>
		<property name="dateStart">
			<null />
		</property>
		<property name="dateEnd">
			<null />
		</property>
		<property name="moment">
			<null />
		</property>
		<property name="fixUpTasks">
			<list>
				<ref bean="fixUpTask1" />
			</list>
		</property>
	</bean>

	<!-- Category beans -->

	<bean id="category1" class="domain.Category">
		<property name="name" value="CATEGORY" />
		<property name="nameES" value="CATEGORIA" />
		<property name="parent">
			<null />
		</property>
		<property name="fixUpTasks">
			<list>
			</list>
		</property>
		<property name="children">
			<list>
				<ref bean="category2" />
				<ref bean="category3" />
			</list>
		</property>
	</bean>

	<bean id="category2" class="domain.Category">
		<property name="name" value="Carpentry" />
		<property name="nameES" value="Carpintería" />
		<property name="parent" ref="category1" />
		<property name="fixUpTasks">
			<list>
				<ref bean="fixUpTask1" />
				<ref bean="fixUpTask2" />
			</list>
		</property>
		<property name="children">
			<list>
			</list>
		</property>
	</bean>

	<bean id="category3" class="domain.Category">
		<property name="name" value="Ceiling repair" />
		<property name="nameES" value="Reparación de techo" />
		<property name="parent" ref="category1" />
		<property name="fixUpTasks">
			<list>
				<ref bean="fixUpTask3" />
			</list>
		</property>
		<property name="children">
			<list>
			</list>
		</property>
	</bean>

	<bean id="category4" class="domain.Category">
		<property name="name" value="Cleaning" />
		<property name="nameES" value="Limpieza" />
		<property name="parent" ref="category1" />
		<property name="fixUpTasks">
			<list>
			</list>
		</property>
		<property name="children">
			<list>
			</list>
		</property>
	</bean>

	<bean id="category5" class="domain.Category">
		<property name="name" value="Concrete work" />
		<property name="nameES" value="Trabajo específico" />
		<property name="parent" ref="category1" />
		<property name="fixUpTasks">
			<list>
			</list>
		</property>
		<property name="children">
			<list>
			</list>
		</property>
	</bean>

	<bean id="category6" class="domain.Category">
		<property name="name" value="Doors" />
		<property name="nameES" value="Puertas" />
		<property name="parent" ref="category1" />
		<property name="fixUpTasks">
			<list>
			</list>
		</property>
		<property name="children">
			<list>
			</list>
		</property>
	</bean>

	<bean id="category7" class="domain.Category">
		<property name="name" value="Electrical wiring" />
		<property name="nameES" value="Cableado eléctrico" />
		<property name="parent" ref="category1" />
		<property name="fixUpTasks">
			<list>
			</list>
		</property>
		<property name="children">
			<list>
			</list>
		</property>
	</bean>

	<bean id="category8" class="domain.Category">
		<property name="name" value="Fan installation" />
		<property name="nameES" value="Instalación de ventiladores" />
		<property name="parent" ref="category1" />
		<property name="fixUpTasks">
			<list>
			</list>
		</property>
		<property name="children">
			<list>
			</list>
		</property>
	</bean>

	<bean id="category9" class="domain.Category">
		<property name="name" value="Fence fixing" />
		<property name="nameES" value="Arreglo de valla" />
		<property name="parent" ref="category1" />
		<property name="fixUpTasks">
			<list>
			</list>
		</property>
		<property name="children">
			<list>
			</list>
		</property>
	</bean>

	<bean id="category10" class="domain.Category">
		<property name="name" value="Home security systems" />
		<property name="nameES" value="Sistemas de seguridad" />
		<property name="parent" ref="category1" />
		<property name="fixUpTasks">
			<list>
			</list>
		</property>
		<property name="children">
			<list>
			</list>
		</property>
	</bean>

	<bean id="category11" class="domain.Category">
		<property name="name" value="Insulation installation" />
		<property name="nameES" value="Instalación de aislamientos" />
		<property name="parent" ref="category1" />
		<property name="fixUpTasks">
			<list>
			</list>
		</property>
		<property name="children">
			<list>
			</list>
		</property>
	</bean>

	<bean id="category12" class="domain.Category">
		<property name="name" value="Lamp repairs" />
		<property name="nameES" value="Reparaciones de lámparas" />
		<property name="parent" ref="category1" />
		<property name="fixUpTasks">
			<list>
			</list>
		</property>
		<property name="children">
			<list>
			</list>
		</property>
	</bean>

	<bean id="category13" class="domain.Category">
		<property name="name" value="Moving" />
		<property name="nameES" value="Motor" />
		<property name="parent" ref="category1" />
		<property name="fixUpTasks">
			<list>
			</list>
		</property>
		<property name="children">
			<list>
			</list>
		</property>
	</bean>

	<bean id="category14" class="domain.Category">
		<property name="name" value="Painting" />
		<property name="nameES" value="Pintura" />
		<property name="parent" ref="category1" />
		<property name="fixUpTasks">
			<list>
			</list>
		</property>
		<property name="children">
			<list>
			</list>
		</property>
	</bean>

	<bean id="category15" class="domain.Category">
		<property name="name" value="Pest control" />
		<property name="nameES" value="Control de pestes" />
		<property name="parent" ref="category1" />
		<property name="fixUpTasks">
			<list>
			</list>
		</property>
		<property name="children">
			<list>
			</list>
		</property>
	</bean>

	<bean id="category16" class="domain.Category">
		<property name="name" value="Plumbing repairs" />
		<property name="nameES" value="Reparaciones de tuberías" />
		<property name="parent" ref="category1" />
		<property name="fixUpTasks">
			<list>
			</list>
		</property>
		<property name="children">
			<list>
			</list>
		</property>
	</bean>

	<bean id="category17" class="domain.Category">
		<property name="name" value="Roofing" />
		<property name="nameES" value="Techumbres" />
		<property name="parent" ref="category1" />
		<property name="fixUpTasks">
			<list>
			</list>
		</property>
		<property name="children">
			<list>
			</list>
		</property>
	</bean>

	<bean id="category18" class="domain.Category">
		<property name="name" value="Shelf installation" />
		<property name="nameES" value="Auto-instalación" />
		<property name="parent" ref="category1" />
		<property name="fixUpTasks">
			<list>
			</list>
		</property>
		<property name="children">
			<list>
			</list>
		</property>
	</bean>

	<bean id="category19" class="domain.Category">
		<property name="name" value="Solar panels" />
		<property name="nameES" value="Paneles solares" />
		<property name="parent" ref="category1" />
		<property name="fixUpTasks">
			<list>
			</list>
		</property>
		<property name="children">
			<list>
			</list>
		</property>
	</bean>

	<bean id="category20" class="domain.Category">
		<property name="name" value="Soundproofing" />
		<property name="nameES" value="Prueba de sonido" />
		<property name="parent" ref="category1" />
		<property name="fixUpTasks">
			<list>
			</list>
		</property>
		<property name="children">
			<list>
			</list>
		</property>
	</bean>

	<bean id="category21" class="domain.Category">
		<property name="name" value="Sprinkler repair" />
		<property name="nameES" value="Reparación de aspersores" />
		<property name="parent" ref="category1" />
		<property name="fixUpTasks">
			<list>
			</list>
		</property>
		<property name="children">
			<list>
			</list>
		</property>
	</bean>

	<bean id="category22" class="domain.Category">
		<property name="name" value="Window repair" />
		<property name="nameES" value="Reparación de ventana" />
		<property name="parent" ref="category1" />
		<property name="fixUpTasks">
			<list>
			</list>
		</property>
		<property name="children">
			<list>
			</list>
		</property>
	</bean>


	<!-- PersonalRecord beans -->

	<bean id="personalRecord1" class="domain.PersonalRecord">
		<property name="name" value="This is the personal record of Luis" />
		<property name="photo"
			value="https://www.stockvault.net/data/2011/12/11/128294/preview16.jpg" />
		<property name="email" value="luican@alum.us.es" />
		<property name="phone" value="648456551" />
		<property name="profile" value="https://www.youtube.com/watch?v=UrJTZZibdHk" />
		<property name="curriculum" ref="curriculum1" />
	</bean>

	<bean id="personalRecord2" class="domain.PersonalRecord">
		<property name="name" value="Personal Record Data" />
		<property name="photo"
			value="https://www.stockvault.net/data/2011/12/11/128294/preview16.jpg" />
		<property name="email" value="sermorere@alum.us.es" />
		<property name="phone" value="677456571" />
		<property name="profile" value="https://www.youtube.com/watch?v=UrJTZZibdHk" />
		<property name="curriculum" ref="curriculum2" />
	</bean>



	<!-- MiscellaneousRecord beans -->

	<bean id="miscellaneousRecord1" class="domain.MiscellaneousRecord">
		<property name="title" value="Miscellaneous record data" />
		<property name="link" value="https://www.google.es" />
		<property name="comments" value="Genial, awesome" />
		<property name="curriculum" ref="curriculum1" />

	</bean>

	<bean id="miscellaneousRecord2" class="domain.MiscellaneousRecord">
		<property name="title" value="Miscellaneous record history" />
		<property name="link" value="https://www.ogame.org" />
		<property name="comments" value="The worst, terrible" />
		<property name="curriculum" ref="curriculum1" />

	</bean>
	<bean id="miscellaneousRecord3" class="domain.MiscellaneousRecord">
		<property name="title" value="Miscellaneous Record of this actor" />
		<property name="link" value="https://www.google.es" />
		<property name="comments" value="Amazing and wesome" />
		<property name="curriculum" ref="curriculum2" />

	</bean>

	<bean id="miscellaneousRecord4" class="domain.MiscellaneousRecord">
		<property name="title" value="Title of Miscellaneous Record" />
		<property name="link" value="https://www.youtube.org" />
		<property name="comments" value="Not the best oprion to hire" />
		<property name="curriculum" ref="curriculum2" />

	</bean>

	<!-- FixUpTask beans -->

	<bean id="fixUpTask1" class="domain.FixUpTask">
		<property name="ticker" value="180528-YFRDEG" />
		<property name="publishDate" value="2016/01/28" />
		<property name="description" value="This is my first fix up task" />
		<property name="address" value="c/Tarfia 6" />
		<property name="maxPrice" value="160.6" />
		<property name="periodStartDate" value="2018/02/20" />
		<property name="periodEndDate" value="2020/02/28" />
		<property name="customer" ref="customer1" />
		<property name="warranty" ref="warranty1" />
		<property name="complaints">
			<list>
				<ref bean="complaint1" />
				<ref bean="complaint2" />
			</list>
		</property>
		<property name="applications">
			<list>
				<ref bean="application1" />
				<ref bean="application2" />
				<ref bean="application10" />
			</list>
		</property>
	</bean>

	<bean id="fixUpTask2" class="domain.FixUpTask">
		<property name="ticker" value="171005-IUGXTT" />
		<property name="publishDate" value="2016/10/05" />
		<property name="description" value="This is my second fix up task" />
		<property name="address" value="c/ Luisete 6" />
		<property name="maxPrice" value="300.12" />
		<property name="periodStartDate" value="2018/01/15" />
		<property name="periodEndDate" value="2020/01/25" />
		<property name="customer" ref="customer1" />
		<property name="warranty" ref="warranty2" />
		<property name="complaints">
			<list>
			</list>
		</property>
		<property name="applications">
			<list>
				<ref bean="application3" />
				<ref bean="application4" />
			</list>
		</property>
	</bean>

	<bean id="fixUpTask3" class="domain.FixUpTask">
		<property name="ticker" value="171205-AASSDD" />
		<property name="publishDate" value="2016/12/05" />
		<property name="description" value="Esta es mi descripción favorita" />
		<property name="address" value="c/Roja 15" />
		<property name="maxPrice" value="135.80" />
		<property name="periodStartDate" value="2018/02/20" />
		<property name="periodEndDate" value="2020/02/28" />
		<property name="customer" ref="customer3" />
		<property name="warranty" ref="warranty1" />
		<property name="complaints">
			<list>
				<ref bean="complaint3" />
			</list>
		</property>
		<property name="applications">
			<list>
				<ref bean="application5" />
				<ref bean="application6" />
			</list>
		</property>
	</bean>

	<bean id="fixUpTask4" class="domain.FixUpTask">
		<property name="ticker" value="161204-ABCCBA" />
		<property name="publishDate" value="2016/11/06" />
		<property name="description" value="Esta no me gusta tanto" />
		<property name="address" value="c/Negra 1" />
		<property name="maxPrice" value="205.30" />
		<property name="periodStartDate" value="2018/11/07" />
		<property name="periodEndDate" value="2020/11/07" />
		<property name="customer" ref="customer4" />
		<property name="warranty" ref="warranty1" />
		<property name="complaints">
			<list>
			</list>
		</property>
		<property name="applications">
			<list>
				<ref bean="application7" />
			</list>
		</property>
	</bean>

	<bean id="fixUpTask5" class="domain.FixUpTask">
		<property name="ticker" value="182203-AZXCVA" />
		<property name="publishDate" value="2016/04/15" />
		<property name="description" value="Urgent task" />
		<property name="address" value="c/Azul 5" />
		<property name="maxPrice" value="290.85" />
		<property name="periodStartDate" value="2018/04/15" />
		<property name="periodEndDate" value="2019/04/28" />
		<property name="customer" ref="customer4" />
		<property name="warranty" ref="warranty2" />
		<property name="complaints">
			<list>
			</list>
		</property>
		<property name="applications">
			<list>
				<ref bean="application8" />
			</list>
		</property>
	</bean>

	<bean id="fixUpTask6" class="domain.FixUpTask">
		<property name="ticker" value="282303-UZXCFA" />
		<property name="publishDate" value="2016/03/20" />
		<property name="description" value="Not Urgent task" />
		<property name="address" value="c/Gris 5" />
		<property name="maxPrice" value="150.85" />
		<property name="periodStartDate" value="2018/05/15" />
		<property name="periodEndDate" value="2022/04/28" />
		<property name="customer" ref="customer2" />
		<property name="warranty" ref="warranty2" />
		<property name="complaints">
			<list>
			</list>
		</property>
		<property name="applications">
			<list>
				<ref bean="application9" />
			</list>
		</property>
	</bean>
	
	<bean id="fixUpTask7" class="domain.FixUpTask">
		<property name="ticker" value="282223-ULLCFA" />
		<property name="publishDate" value="2017/03/20" />
		<property name="description" value="Not Urgent task" />
		<property name="address" value="c/Gris 5" />
		<property name="maxPrice" value="160.85" />
		<property name="periodStartDate" value="2018/06/15" />
		<property name="periodEndDate" value="2022/05/28" />
		<property name="customer" ref="customer1" />
		<property name="warranty" ref="warranty1" />
		<property name="complaints">
			<list>
			</list>
		</property>
		<property name="applications">
			<list>
			</list>
		</property>
	</bean>
	

	<!-- HandyWorker beans -->

	<bean id="handyWorker1" class="domain.HandyWorker">
		<property name="name" value="Juan" />
		<property name="middleName" value="Respe" />
		<property name="surname" value="Rodriguez" />
		<property name="photo"
			value="https://i.ytimg.com/vi/7_RhYfyMdwI/hqdefault.jpg" />
		<property name="email" value="respe@hotmail.com" />
		<property name="phone" value="612841235" />
		<property name="address" value="Plaza de los Duques 35" />
		<property name="suspicious" value="false" />
		<property name="userAccount" ref="userAccount8" />
		<property name="socialProfiles">
			<list>
				<ref bean="socialProfile2" />
			</list>
		</property>
		<property name="boxes">
			<list>
				<ref bean="inBox8" />
				<ref bean="outBox8" />
				<ref bean="trashBox8" />
				<ref bean="spamBox8" />
			</list>
		</property>
		<property name="make" value="Nike" />
		<property name="score" value="0.5" />
		<property name="applications">
			<list>
				<ref bean="application1" />
				<ref bean="application2" />
				<ref bean="application10" />
			</list>
		</property>
		<property name="curriculum" ref="curriculum1" />
		<property name="finder" ref="finder1" />
		<property name="tutorials">
			<list>
				<ref bean="tutorial1" />
			</list>
		</property>
		<property name="endorsements">
			<list>
				<ref bean="endorsement1" />
				<ref bean="endorsement2" />
			</list>
		</property>
	</bean>

	<bean id="handyWorker2" class="domain.HandyWorker">
		<property name="name" value="Sergio" />
		<property name="middleName">
			<null />
		</property>
		<property name="surname" value="Morales" />
		<property name="photo"
			value="http://vivacecamara.es/wp-content/uploads/2013/02/perfil.jpg" />
		<property name="email" value="sermor@hotmail.com" />
		<property name="phone" value="617584022" />
		<property name="address" value="Trillo 7" />
		<property name="suspicious" value="true" />
		<property name="userAccount" ref="userAccount9" />
		<property name="socialProfiles">
			<list>
			</list>
		</property>
		<property name="boxes">
			<list>
				<ref bean="inBox9" />
				<ref bean="outBox9" />
				<ref bean="trashBox9" />
				<ref bean="spamBox9" />
			</list>
		</property>
		<property name="make" value="Adidas" />
		<property name="score" value="0.5" />
		<property name="applications">
			<list>
				<ref bean="application3" />
				<ref bean="application4" />
				<ref bean="application9" />
			</list>
		</property>
		<property name="curriculum" ref="curriculum2" />
		<property name="finder" ref="finder2" />
		<property name="tutorials">
			<list>
				<ref bean="tutorial2" />
				<ref bean="tutorial3" />
			</list>
		</property>
		<property name="endorsements">
			<list>
				<ref bean="endorsement3" />
				<ref bean="endorsement4" />
				<ref bean="endorsement5" />
			</list>
		</property>
	</bean>

	<bean id="handyWorker3" class="domain.HandyWorker">
		<property name="name" value="Juan" />
		<property name="middleName" value="Antonio" />
		<property name="surname" value="Montaño" />
		<property name="photo">

			<null />
		</property>
		<property name="email" value="juanan@hotmail.com" />
		<property name="phone" value="617584122" />
		<property name="address" value="America 7" />
		<property name="suspicious" value="false" />
		<property name="userAccount" ref="userAccount10" />
		<property name="socialProfiles">
			<list>
			</list>
		</property>
		<property name="boxes">
			<list>
				<ref bean="inBox10" />
				<ref bean="outBox10" />
				<ref bean="trashBox10" />
				<ref bean="spamBox10" />
			</list>
		</property>
		<property name="make" value="Mars Gaming" />
		<property name="score" value="0.4" />
		<property name="applications">
			<list>
				<ref bean="application5" />
				<ref bean="application6" />
				<ref bean="application7" />
				<ref bean="application8" />
			</list>
		</property>
		<property name="curriculum" ref="curriculum3">
		</property>
		<property name="finder">
			<null />
		</property>
		<property name="tutorials">
			<list>
			</list>
		</property>
		<property name="endorsements">
			<list>
				<ref bean="endorsement6" />
			</list>
		</property>
	</bean>

	<!-- Note beans -->

	<bean id="note1" class="domain.Note">
		<property name="moment" value="2008/10/20 13:00" />
		<property name="mandatoryComment" value="Could you elaborate more on the subject?" />
		<property name="customerComment" value= "This a customer commment"/>
		<property name="refereeComment" value= "This a referee commment"/>
		<property name="handyWorkerComment" value= "This a handyWorker commment"/>
			<property name="report" ref="report1" />
	</bean>

	<bean id="note2" class="domain.Note">
		<property name="moment" value="2001/11/22 17:00" />
		<property name="mandatoryComment" value="I agree whith this report" />
		<property name="customerComment" >	
		<null />
		</property>
		
		<property name="refereeComment"> 	
		<null />
		</property>
		<property name="handyWorkerComment">
			<null />
		</property>
		
		<property name="report" ref="report2" />
	</bean>

	<bean id="note3" class="domain.Note">
		<property name="moment" value="2010/12/20 08:00" />
		<property name="mandatoryComment"
			value="The description of the report not is very good" />
		<property name="customerComment" >	
		<null />
		</property>
		
		<property name="refereeComment"> 	
		<null />
		</property>
		<property name="handyWorkerComment">
			<null />
		</property>
		
		
		<property name="report" ref="report3"/>
	</bean>

	<!-- Phase beans -->

	<bean id="phase1" class="domain.Phase">
		<property name="title" value="Phase1" />
		<property name="description" value="The description of phase1" />
		<property name="startMoment" value="2019/10/18" />
		<property name="endMoment" value="2019/12/02" />
		<property name="handyWorker" ref="handyWorker1" />
		<property name="application" ref="application2" />
	</bean>

	<bean id="phase2" class="domain.Phase">
		<property name="title" value="Phase2" />
		<property name="description" value="The description of phase2" />
		<property name="startMoment" value="2019/09/27" />
		<property name="endMoment" value="2019/12/30" />
		<property name="handyWorker" ref="handyWorker1" />
		<property name="application" ref="application2" />
	</bean>

	<bean id="phase3" class="domain.Phase">
		<property name="title" value="Phase3" />
		<property name="description" value="The description of phase3" />
		<property name="startMoment" value="2019/07/10" />
		<property name="endMoment" value="2019/12/25" />
		<property name="handyWorker" ref="handyWorker2" />
		<property name="application" ref="application3" />
	</bean>

	<bean id="phase4" class="domain.Phase">
		<property name="title" value="Phase4" />
		<property name="description" value="The description of phase4" />
		<property name="startMoment" value="2019/08/11" />
		<property name="endMoment" value="2019/12/24" />
		<property name="handyWorker" ref="handyWorker2" />
		<property name="application" ref="application4" />
	</bean>

	<bean id="phase5" class="domain.Phase">
		<property name="title" value="Phase5" />
		<property name="description" value="The description of phase5" />
		<property name="startMoment" value="2019/10/12" />
		<property name="endMoment" value="2019/12/26" />
		<property name="handyWorker" ref="handyWorker2" />
		<property name="application" ref="application4" />
	</bean>

	<bean id="phase6" class="domain.Phase">
		<property name="title" value="Phase6" />
		<property name="description" value="The description of phase6" />
		<property name="startMoment" value="2019/09/13" />
		<property name="endMoment" value="2019/12/27" />
		<property name="handyWorker" ref="handyWorker3" />
		<property name="application" ref="application6" />
	</bean>

	<bean id="phase7" class="domain.Phase">
		<property name="title" value="Phase7" />
		<property name="description" value="The description of phase7" />
		<property name="startMoment" value="2019/10/20" />
		<property name="endMoment" value="2019/12/29" />
		<property name="handyWorker" ref="handyWorker3" />
		<property name="application" ref="application6" />
	</bean>

	<bean id="phase8" class="domain.Phase">
		<property name="title" value="Phase8" />
		<property name="description" value="The description of phase8" />
		<property name="startMoment" value="2019/01/11" />
		<property name="endMoment" value="2019/04/15" />
		<property name="handyWorker" ref="handyWorker3" />
		<property name="application" ref="application7" />
	</bean>

	<bean id="phase9" class="domain.Phase">
		<property name="title" value="Phase9" />
		<property name="description" value="The description of phase9" />
		<property name="startMoment" value="2018/07/21" />
		<property name="endMoment" value="2019/02/02" />
		<property name="handyWorker" ref="handyWorker3" />
		<property name="application" ref="application8" />
	</bean>

	<bean id="phase10" class="domain.Phase">
		<property name="title" value="Phase10" />
		<property name="description" value="The description of phase10" />
		<property name="startMoment" value="2018/10/07" />
		<property name="endMoment" value="2019/08/02" />
		<property name="handyWorker" ref="handyWorker2" />
		<property name="application" ref="application9" />
	</bean>

	<bean id="phase11" class="domain.Phase">
		<property name="title" value="Phase10" />
		<property name="description" value="The description of phase10" />
		<property name="startMoment" value="2018/02/28" />
		<property name="endMoment" value="2018/03/10" />
		<property name="handyWorker" ref="handyWorker1" />
		<property name="application" ref="application10" />
	</bean>

	<!-- ProfessionalRecord Beans -->

	<bean id="professionalRecord1" class="domain.ProfessionalRecord">
		<property name="company" value="Casa Felix" />
		<property name="periodStart" value="1998/01/01" />
		<property name="periodEnd" value="2016/10/12" />
		<property name="role" value="waiter" />
		<property name="attachment" value="https://www.youtube.com/" />
		<property name="comments"
			value="I like to play football,I want to work in a hotel" />
		<property name="curriculum" ref="curriculum1" />
	</bean>

	<bean id="professionalRecord2" class="domain.ProfessionalRecord">
		<property name="company" value="MotosCande" />
		<property name="periodStart" value="2013/04/17" />
		<property name="periodEnd" value="2018/08/20" />
		<property name="role" value="mechanic" />
		<property name="attachment" value="https://www.google.com/" />
		<property name="comments" value="This is the best option.I like this program" />
		<property name="curriculum" ref="curriculum1" />
	</bean>

	<bean id="professionalRecord3" class="domain.ProfessionalRecord">
		<property name="company" value="CasaJuan" />
		<property name="periodStart" value="2015/12/17" />
		<property name="periodEnd" value="2019/08/20" />
		<property name="role" value="Cooker" />
		<property name="attachment" value="https://www.google.com/" />
		<property name="comments" value="I don't know what to say here" />
		<property name="curriculum" ref="curriculum2" />
	</bean>

	<!-- Referee beans -->

	<bean id="referee1" class="domain.Referee">
		<property name="name" value="Antonio" />
		<property name="middleName" value="Carrito" />
		<property name="surname" value="Acmero" />
		<property name="photo">
			<null />
		</property>
		<property name="email" value="antonioacmepro@hotmail.com" />
		<property name="phone" value="612512235" />
		<property name="address" value="Plaza de los Duques, 31" />
		<property name="suspicious" value="false" />
		<property name="userAccount" ref="userAccount5" />
		<property name="socialProfiles">
			<list>
				<ref bean="socialProfile3" />
			</list>
		</property>
		<property name="boxes">
			<list>
				<ref bean="inBox5" />
				<ref bean="outBox5" />
				<ref bean="trashBox5" />
				<ref bean="spamBox5" />
			</list>
		</property>
		<property name="complaints">
			<list>
				<ref bean="complaint1" />
			</list>
		</property>
		<property name="reports">
			<list>
				<ref bean="report1" />
				<ref bean="report2" />
				<ref bean="report3" />
			</list>
		</property>
	</bean>

	<bean id="referee2" class="domain.Referee">
		<property name="name" value="Luis" />
		<property name="middleName" value="Carried" />
		<property name="surname" value="Juanjiyo" />
		<property name="photo">



			<null />
		</property>
		<property name="email" value="luisitilini@wanadoo.es" />
		<property name="phone" value="623512235" />
		<property name="address" value="Plaza de los Duques, 29" />
		<property name="suspicious" value="false" />
		<property name="userAccount" ref="userAccount6" />
		<property name="socialProfiles">
			<list>
				<ref bean="socialProfile3" />
			</list>
		</property>
		<property name="boxes">
			<list>
				<ref bean="inBox6" />
				<ref bean="outBox6" />
				<ref bean="trashBox6" />
				<ref bean="spamBox6" />
			</list>
		</property>
		<property name="complaints">
			<list>
			</list>
		</property>
		<property name="reports">
			<list>
				<ref bean="report4" />
			</list>
		</property>
	</bean>

	<bean id="referee3" class="domain.Referee">
		<property name="name" value="Sergio" />
		<property name="middleName" value="Precioso" />
		<property name="surname" value="Hermoso" />
		<property name="photo">
			<null />
		</property>
		<property name="email" value="sergiomagofuego@gmail.com" />
		<property name="phone" value="612511035" />
		<property name="address" value="Plaza de los Duques, 10" />
		<property name="suspicious" value="false" />
		<property name="userAccount" ref="userAccount7" />
		<property name="socialProfiles">
			<list>
				<ref bean="socialProfile3" />
			</list>
		</property>
		<property name="boxes">
			<list>
				<ref bean="inBox7" />
				<ref bean="outBox7" />
				<ref bean="trashBox7" />
				<ref bean="spamBox7" />
			</list>
		</property>
		<property name="complaints">
			<list>
			</list>
		</property>
		<property name="reports">
			<list>
			</list>
		</property>
	</bean>

	<!-- Report beans -->

	<bean id="report1" class="domain.Report">
		<property name="moment" value="2010/10/20 13:00" />
		<property name="description" value="This is the report1 description" />
		<property name="attachments" value="https://www.google.com/" />
		<property name="finalMode" value="true" />
		<property name="complaint" ref="complaint1" />
		<property name="referee" ref="referee1" />
		<property name="notes">
			<list>
				<ref bean="note1" />
			</list>
		</property>
	</bean>

	<bean id="report2" class="domain.Report">
		<property name="moment" value="2001/11/20 18:00" />
		<property name="description" value="This is the report2 description" />
		<property name="attachments" value="https://www.facebook.com/" />
		<property name="finalMode" value="true" />
		<property name="complaint" ref="complaint1" />
		<property name="referee" ref="referee1" />
		<property name="notes">
			<list>
				<ref bean="note2" />
			</list>
		</property>
	</bean>

	<bean id="report3" class="domain.Report">
		<property name="moment" value="02/10/2006 09:00" />
		<property name="description" value="This is the report3 description" />
		<property name="attachments" value="https://www.youtube.com/" />
		<property name="finalMode" value="false" />
		<property name="complaint" ref="complaint1" />
		<property name="referee"  ref="referee1" />
		<property name="notes">
			<list>
				<ref bean="note3"/>
			</list>
		</property>
	</bean>

	<bean id="report4" class="domain.Report">
		<property name="moment" value="2009/11/05 16:00" />
		<property name="description" value="This is the report4 description" />
		<property name="attachments" value="https://www.google.com/" />
		<property name="finalMode" value="false" />
		<property name="complaint" ref="complaint2" />
		<property name="referee"  ref="referee2" />
		<property name="notes">
			<list>
			</list>
		</property>
	</bean>


	<!-- Section beans -->

	<bean id="section1" class="domain.Section">
		<property name="title" value="Section1" />
		<property name="text" value="Text for section1" />
		<property name="pictures">
			<list>
			</list>
		</property>
		<property name="number" value="1" />
		<property name="tutorial" ref="tutorial1" />
	</bean>

	<bean id="section2" class="domain.Section">
		<property name="title" value="Section2" />
		<property name="text" value="Text for section2" />
		<property name="pictures">
			<list>
			</list>
		</property>
		<property name="number" value="2" />
		<property name="tutorial" ref="tutorial1" />
	</bean>

	<bean id="section3" class="domain.Section">
		<property name="title" value="Section3" />
		<property name="text" value="Text for section3" />
		<property name="pictures">
			<list>
			</list>
		</property>
		<property name="number" value="1" />
		<property name="tutorial" ref="tutorial3" />
	</bean>
	<!-- SocialProfile beans -->

	<bean id="socialProfile1" class="domain.SocialProfile">
		<property name="nick" value="Luis1" />
		<property name="socialNetwork" value="Instagram" />
		<property name="profileLink" value="https://www.instagram.com" />
		<property name="actor" ref="customer1" />
	</bean>

	<bean id="socialProfile2" class="domain.SocialProfile">
		<property name="nick" value="Juan2" />
		<property name="socialNetwork" value="Instagram" />
		<property name="profileLink" value="https://www.instagram.com" />
		<property name="actor" ref="handyWorker1" />
	</bean>

	<bean id="socialProfile3" class="domain.SocialProfile">
		<property name="nick" value="Antonio3" />
		<property name="socialNetwork" value="Instagram" />
		<property name="profileLink" value="https://www.instagram.com" />
		<property name="actor" ref="referee1" />
	</bean>

	<bean id="socialProfile4" class="domain.SocialProfile">
		<property name="nick" value="Francisco4" />
		<property name="socialNetwork" value="Instagram" />
		<property name="profileLink" value="https://www.instagram.com" />
		<property name="actor" ref="sponsor1" />
	</bean>

	<!-- Sponsor beans -->

	<bean id="sponsor1" class="domain.Sponsor">
		<property name="name" value="Francisco" />
		<property name="middleName" value="Higueras" />
		<property name="surname" value="Galván" />
		<property name="photo">
			<null />
		</property>
		<property name="email" value="setoti@gmail.com" />
		<property name="phone" value="611511035" />
		<property name="address" value="Plaza de los Remedios, 10" />
		<property name="suspicious" value="false" />
		<property name="userAccount" ref="userAccount11" />
		<property name="socialProfiles">
			<list>
				<ref bean="socialProfile4" />
			</list>
		</property>
		<property name="boxes">
			<list>
				<ref bean="inBox11" />
				<ref bean="outBox11" />
				<ref bean="trashBox11" />
				<ref bean="spamBox11" />
			</list>
		</property>
		<property name="sponsorships">
			<list>
				<ref bean="sponsorship1" />
				<ref bean="sponsorship2" />
			</list>
		</property>
	</bean>

	<bean id="sponsor2" class="domain.Sponsor">
		<property name="name" value="Óscar" />
		<property name="middleName" value="Tirado" />
		<property name="surname" value="Hernández" />
		<property name="photo">
			<null />
		</property>
		<property name="email" value="ssssskira15@gmail.com" />
		<property name="phone" value="612514325" />
		<property name="address" value="Plaza de los Duques, 61" />
		<property name="suspicious" value="false" />
		<property name="userAccount" ref="userAccount12" />
		<property name="socialProfiles">
			<list>
			</list>
		</property>
		<property name="boxes">
			<list>
				<ref bean="inBox12" />
				<ref bean="outBox12" />
				<ref bean="trashBox12" />
				<ref bean="spamBox12" />
			</list>
		</property>
		<property name="sponsorships">
			<list>
				<ref bean="sponsorship3" />
			</list>
		</property>
	</bean>

	<bean id="sponsor3" class="domain.Sponsor">
		<property name="name" value="Sergio" />
		<property name="middleName" value="Torrijos" />
		<property name="surname" value="Campano" />
		<property name="photo">
			<null />
		</property>
		<property name="email" value="sergiocastel96@gmail.com" />
		<property name="phone" value="612511035" />
		<property name="address" value="Plaza de los Duques, 2" />
		<property name="suspicious" value="false" />
		<property name="userAccount" ref="userAccount13" />
		<property name="socialProfiles">
			<list>
			</list>
		</property>
		<property name="boxes">
			<list>
				<ref bean="inBox13" />
				<ref bean="outBox13" />
				<ref bean="trashBox13" />
				<ref bean="spamBox13" />
			</list>
		</property>
		<property name="sponsorships">
			<list>
			</list>
		</property>
	</bean>

	<!-- Sponsorship beans -->

	<bean id="sponsorship1" class="domain.Sponsorship">
		<property name="url"
			value="https://www.linguee.es/ingles-espanol/traduccion/sponsorship.html" />
		<property name="link"
			value="https://www.linguee.es/ingles-espanol/traduccion/sponsorship.html" />
		<property name="creditCard" ref="creditCard1" />
		<property name="sponsor" ref="sponsor1" />
	</bean>

	<bean id="sponsorship2" class="domain.Sponsorship">
		<property name="url" value="https://www.youtube.com/" />
		<property name="link" value="https://www.youtube.com/" />
		<property name="creditCard" ref="creditCard2" />
		<property name="sponsor" ref="sponsor1" />
	</bean>

	<bean id="sponsorship3" class="domain.Sponsorship">
		<property name="url" value="https://twitter.com/" />
		<property name="link" value="https://twitter.com/" />
		<property name="creditCard" ref="creditCard3" />
		<property name="sponsor" ref="sponsor2" />
	</bean>

	<!-- Tutorial beans -->

	<bean id="tutorial1" class="domain.Tutorial">
		<property name="title" value="How to fix a window" />
		<property name="moment" value="2017/09/07" />
		<property name="summary"
			value="Replace the old window and install the new one" />
		<property name="pictures">
			<list>
			</list>
		</property>
		<property name="handyWorker" ref="handyWorker1" />
		<property name="sections">
			<list>
				<ref bean="section1" />
				<ref bean="section2" />
			</list>
		</property>
	</bean>

	<bean id="tutorial2" class="domain.Tutorial">
		<property name="title" value="How to fix a door" />
		<property name="moment" value="2017/09/06" />
		<property name="summary" value="Replace the old door and install the new one" />
		<property name="pictures">
			<list>
			</list>
		</property>
		<property name="handyWorker" ref="handyWorker2" />
		<property name="sections">
			<list>
			</list>
		</property>
	</bean>

	<bean id="tutorial3" class="domain.Tutorial">
		<property name="title" value="How to fix a table" />
		<property name="moment" value="2017/09/05" />
		<property name="summary"
			value="Replace the old table and install the new one" />
		<property name="pictures">
			<list>
			</list>
		</property>
		<property name="handyWorker" ref="handyWorker2" />
		<property name="sections">
			<list>
				<ref bean="section3" />
			</list>
		</property>
	</bean>

	<!-- Warranty beans -->

	<bean id="warranty1" class="domain.Warranty">
		<property name="title" value="Defects In Materials and Workmanship" />
		<property name="terms"
			value="the product is free from defects in materials and workmanship." />
		<property name="laws" value="Law 23/2003, 10 of july" />
		<property name="finalMode" value="true"></property>
	</bean>

	<bean id="warranty2" class="domain.Warranty">
		<property name="title" value="Satisfaction guarantee" />
		<property name="terms"
			value="The advertiser must refund the full purchase price regardless of the reason for dissatisfaction." />
		<property name="laws" value="Law 23/2003, 10 of july" />
		<property name="finalMode" value="true"></property>
	</bean>

	<bean id="warranty3" class="domain.Warranty">
		<property name="title" value="One year warranty." />
		<property name="terms"
			value="The actual time that product can be expected to perform." />
		<property name="laws" value="Law 23/2003, 10 of july" />
		<property name="finalMode" value="false"></property>
	</bean>

</beans>